{"cameraMode":{"drawMode":0,"name":"Shaded","section":"Shading Mode"},"sceneLighting":true,"audioPlay":false,"sceneViewState":{"showFog":true,"showMaterialUpdate":false,"showSkybox":true,"showFlares":true,"showImageEffects":true,"showParticleSystems":true},"in2DMode":false,"pivot":{"x":-1.3668010234832764,"y":-1.1817511320114136,"z":0.17583326995372773},"rotation":{"x":-0.25527897477149966,"y":0.738993227481842,"z":-0.4910725951194763,"w":-0.3841650187969208},"size":3.429647922515869,"orthographic":false}