{"cameraMode":{"drawMode":0,"name":"Shaded","section":"Shading Mode"},"sceneLighting":true,"audioPlay":false,"sceneViewState":{"showFog":true,"showMaterialUpdate":false,"showSkybox":true,"showFlares":true,"showImageEffects":true,"showParticleSystems":true},"in2DMode":false,"pivot":{"x":-5.088223934173584,"y":-1.7178373336791993,"z":-4.686774253845215},"rotation":{"x":0.15744763612747193,"y":-0.7828147411346436,"z":0.21993906795978547,"w":0.560391902923584},"size":7.916308879852295,"orthographic":false}