{"cameraMode":{"drawMode":0,"name":"Shaded","section":"Shading Mode"},"sceneLighting":true,"audioPlay":false,"sceneViewState":{"showFog":true,"showMaterialUpdate":false,"showSkybox":true,"showFlares":true,"showImageEffects":true,"showParticleSystems":true,"showVisualEffectGraphs":true,"m_FxEnabled":true},"in2DMode":false,"pivot":{"x":-15.546236991882325,"y":-0.4825728237628937,"z":-18.961496353149415},"rotation":{"x":0.009690278209745884,"y":-0.9536312818527222,"z":0.030919570475816728,"w":0.2990499436855316},"size":14.386358261108399,"orthographic":false}